price,name,url
3 999 ₽,"Экранный модуль для телевизора DEXP F22F7000C 22"" ZeepDeep",https://www.wildberries.ru/catalog/201778983/detail.aspx
3 999 ₽,"Экранный модуль для телевизора DEXP F22F7000C 22"" ZeepDeep",https://www.wildberries.ru/catalog/201778983/detail.aspx
3 999 ₽,"Экранный модуль для телевизора DEXP F22F7000C 22"" ZeepDeep",https://www.wildberries.ru/catalog/201778983/detail.aspx
3 999 ₽,"Экранный модуль для телевизора DEXP F22F7000C 22"" ZeepDeep",https://www.wildberries.ru/catalog/201778983/detail.aspx
3 999 ₽,"Экранный модуль для телевизора DEXP F22F7000C 22"" ZeepDeep",https://www.wildberries.ru/catalog/201778983/detail.aspx
3 999 ₽,"Экранный модуль для телевизора DEXP F22F7000C 22"" ZeepDeep",https://www.wildberries.ru/catalog/201778983/detail.aspx
3 999 ₽,"Экранный модуль для телевизора DEXP F22F7000C 22"" ZeepDeep",https://www.wildberries.ru/catalog/201778983/detail.aspx
3 999 ₽,"Экранный модуль для телевизора DEXP F22F7000C 22"" ZeepDeep",https://www.wildberries.ru/catalog/201778983/detail.aspx
3 999 ₽,"Экранный модуль для телевизора DEXP F22F7000C 22"" ZeepDeep",https://www.wildberries.ru/catalog/201778983/detail.aspx
3 999 ₽,"Экранный модуль для телевизора DEXP F22F7000C 22"" ZeepDeep",https://www.wildberries.ru/catalog/201778983/detail.aspx
3 999 ₽,"Экранный модуль для телевизора DEXP F22F7000C 22"" ZeepDeep",https://www.wildberries.ru/catalog/201778983/detail.aspx
3 999 ₽,"Экранный модуль для телевизора DEXP F22F7000C 22"" ZeepDeep",https://www.wildberries.ru/catalog/201778983/detail.aspx
3 999 ₽,"Экранный модуль для телевизора DEXP F22F7000C 22"" ZeepDeep",https://www.wildberries.ru/catalog/201778983/detail.aspx
3 999 ₽,"Экранный модуль для телевизора DEXP F22F7000C 22"" ZeepDeep",https://www.wildberries.ru/catalog/201778983/detail.aspx
3 999 ₽,"Экранный модуль для телевизора DEXP F22F7000C 22"" ZeepDeep",https://www.wildberries.ru/catalog/201778983/detail.aspx
3 999 ₽,"Экранный модуль для телевизора DEXP F22F7000C 22"" ZeepDeep",https://www.wildberries.ru/catalog/201778983/detail.aspx
3 999 ₽,"Экранный модуль для телевизора DEXP F22F7000C 22"" ZeepDeep",https://www.wildberries.ru/catalog/201778983/detail.aspx
3 999 ₽,"Экранный модуль для телевизора DEXP F22F7000C 22"" ZeepDeep",https://www.wildberries.ru/catalog/201778983/detail.aspx
3 999 ₽,"Экранный модуль для телевизора DEXP F22F7000C 22"" ZeepDeep",https://www.wildberries.ru/catalog/201778983/detail.aspx
3 999 ₽,"Экранный модуль для телевизора DEXP F22F7000C 22"" ZeepDeep",https://www.wildberries.ru/catalog/201778983/detail.aspx
3 999 ₽,"Экранный модуль для телевизора DEXP F22F7000C 22"" ZeepDeep",https://www.wildberries.ru/catalog/201778983/detail.aspx
3 999 ₽,"Экранный модуль для телевизора DEXP F22F7000C 22"" ZeepDeep",https://www.wildberries.ru/catalog/201778983/detail.aspx
3 999 ₽,"Экранный модуль для телевизора DEXP F22F7000C 22"" ZeepDeep",https://www.wildberries.ru/catalog/201778983/detail.aspx
3 999 ₽,"Экранный модуль для телевизора DEXP F22F7000C 22"" ZeepDeep",https://www.wildberries.ru/catalog/201778983/detail.aspx
3 999 ₽,"Экранный модуль для телевизора DEXP F22F7000C 22"" ZeepDeep",https://www.wildberries.ru/catalog/201778983/detail.aspx
3 999 ₽,"Экранный модуль для телевизора DEXP F22F7000C 22"" ZeepDeep",https://www.wildberries.ru/catalog/201778983/detail.aspx
3 999 ₽,"Экранный модуль для телевизора DEXP F22F7000C 22"" ZeepDeep",https://www.wildberries.ru/catalog/201778983/detail.aspx
3 999 ₽,"Экранный модуль для телевизора DEXP F22F7000C 22"" ZeepDeep",https://www.wildberries.ru/catalog/201778983/detail.aspx
3 999 ₽,"Экранный модуль для телевизора DEXP F22F7000C 22"" ZeepDeep",https://www.wildberries.ru/catalog/201778983/detail.aspx
3 999 ₽,"Экранный модуль для телевизора DEXP F22F7000C 22"" ZeepDeep",https://www.wildberries.ru/catalog/201778983/detail.aspx
3 999 ₽,"Экранный модуль для телевизора DEXP F22F7000C 22"" ZeepDeep",https://www.wildberries.ru/catalog/201778983/detail.aspx
3 999 ₽,"Экранный модуль для телевизора DEXP F22F7000C 22"" ZeepDeep",https://www.wildberries.ru/catalog/201778983/detail.aspx
3 999 ₽,"Экранный модуль для телевизора DEXP F22F7000C 22"" ZeepDeep",https://www.wildberries.ru/catalog/201778983/detail.aspx
3 999 ₽,"Экранный модуль для телевизора DEXP F22F7000C 22"" ZeepDeep",https://www.wildberries.ru/catalog/201778983/detail.aspx
3 999 ₽,"Экранный модуль для телевизора DEXP F22F7000C 22"" ZeepDeep",https://www.wildberries.ru/catalog/201778983/detail.aspx
3 999 ₽,"Экранный модуль для телевизора DEXP F22F7000C 22"" ZeepDeep",https://www.wildberries.ru/catalog/201778983/detail.aspx
3 999 ₽,"Экранный модуль для телевизора DEXP F22F7000C 22"" ZeepDeep",https://www.wildberries.ru/catalog/201778983/detail.aspx
3 999 ₽,"Экранный модуль для телевизора DEXP F22F7000C 22"" ZeepDeep",https://www.wildberries.ru/catalog/201778983/detail.aspx
3 999 ₽,"Экранный модуль для телевизора DEXP F22F7000C 22"" ZeepDeep",https://www.wildberries.ru/catalog/201778983/detail.aspx
3 999 ₽,"Экранный модуль для телевизора DEXP F22F7000C 22"" ZeepDeep",https://www.wildberries.ru/catalog/201778983/detail.aspx
3 999 ₽,"Экранный модуль для телевизора DEXP F22F7000C 22"" ZeepDeep",https://www.wildberries.ru/catalog/201778983/detail.aspx
3 999 ₽,"Экранный модуль для телевизора DEXP F22F7000C 22"" ZeepDeep",https://www.wildberries.ru/catalog/201778983/detail.aspx
3 999 ₽,"Экранный модуль для телевизора DEXP F22F7000C 22"" ZeepDeep",https://www.wildberries.ru/catalog/201778983/detail.aspx
3 999 ₽,"Экранный модуль для телевизора DEXP F22F7000C 22"" ZeepDeep",https://www.wildberries.ru/catalog/201778983/detail.aspx
3 999 ₽,"Экранный модуль для телевизора DEXP F22F7000C 22"" ZeepDeep",https://www.wildberries.ru/catalog/201778983/detail.aspx
1 680 ₽,Подсветка для ТВ DEXP U55E9000H Hisense H55B7100 Zipov,https://www.wildberries.ru/catalog/253890535/detail.aspx
1 680 ₽,Подсветка для ТВ DEXP U55E9000H Hisense H55B7100 Zipov,https://www.wildberries.ru/catalog/253890535/detail.aspx
1 680 ₽,Подсветка для ТВ DEXP U55E9000H Hisense H55B7100 Zipov,https://www.wildberries.ru/catalog/253890535/detail.aspx
1 680 ₽,Подсветка для ТВ DEXP U55E9000H Hisense H55B7100 Zipov,https://www.wildberries.ru/catalog/253890535/detail.aspx
1 680 ₽,Подсветка для ТВ DEXP U55E9000H Hisense H55B7100 Zipov,https://www.wildberries.ru/catalog/253890535/detail.aspx
1 680 ₽,Подсветка для ТВ DEXP U55E9000H Hisense H55B7100 Zipov,https://www.wildberries.ru/catalog/253890535/detail.aspx
1 680 ₽,Подсветка для ТВ DEXP U55E9000H Hisense H55B7100 Zipov,https://www.wildberries.ru/catalog/253890535/detail.aspx
1 680 ₽,Подсветка для ТВ DEXP U55E9000H Hisense H55B7100 Zipov,https://www.wildberries.ru/catalog/253890535/detail.aspx
1 680 ₽,Подсветка для ТВ DEXP U55E9000H Hisense H55B7100 Zipov,https://www.wildberries.ru/catalog/253890535/detail.aspx
1 680 ₽,Подсветка для ТВ DEXP U55E9000H Hisense H55B7100 Zipov,https://www.wildberries.ru/catalog/253890535/detail.aspx
1 680 ₽,Подсветка для ТВ DEXP U55E9000H Hisense H55B7100 Zipov,https://www.wildberries.ru/catalog/253890535/detail.aspx
1 680 ₽,Подсветка для ТВ DEXP U55E9000H Hisense H55B7100 Zipov,https://www.wildberries.ru/catalog/253890535/detail.aspx
1 680 ₽,Подсветка для ТВ DEXP U55E9000H Hisense H55B7100 Zipov,https://www.wildberries.ru/catalog/253890535/detail.aspx
1 680 ₽,Подсветка для ТВ DEXP U55E9000H Hisense H55B7100 Zipov,https://www.wildberries.ru/catalog/253890535/detail.aspx
1 680 ₽,Подсветка для ТВ DEXP U55E9000H Hisense H55B7100 Zipov,https://www.wildberries.ru/catalog/253890535/detail.aspx
1 680 ₽,Подсветка для ТВ DEXP U55E9000H Hisense H55B7100 Zipov,https://www.wildberries.ru/catalog/253890535/detail.aspx
1 680 ₽,Подсветка для ТВ DEXP U55E9000H Hisense H55B7100 Zipov,https://www.wildberries.ru/catalog/253890535/detail.aspx
1 680 ₽,Подсветка для ТВ DEXP U55E9000H Hisense H55B7100 Zipov,https://www.wildberries.ru/catalog/253890535/detail.aspx
1 680 ₽,Подсветка для ТВ DEXP U55E9000H Hisense H55B7100 Zipov,https://www.wildberries.ru/catalog/253890535/detail.aspx
1 680 ₽,Подсветка для ТВ DEXP U55E9000H Hisense H55B7100 Zipov,https://www.wildberries.ru/catalog/253890535/detail.aspx
1 680 ₽,Подсветка для ТВ DEXP U55E9000H Hisense H55B7100 Zipov,https://www.wildberries.ru/catalog/253890535/detail.aspx
1 680 ₽,Подсветка для ТВ DEXP U55E9000H Hisense H55B7100 Zipov,https://www.wildberries.ru/catalog/253890535/detail.aspx
1 680 ₽,Подсветка для ТВ DEXP U55E9000H Hisense H55B7100 Zipov,https://www.wildberries.ru/catalog/253890535/detail.aspx
1 680 ₽,Подсветка для ТВ DEXP U55E9000H Hisense H55B7100 Zipov,https://www.wildberries.ru/catalog/253890535/detail.aspx
1 680 ₽,Подсветка для ТВ DEXP U55E9000H Hisense H55B7100 Zipov,https://www.wildberries.ru/catalog/253890535/detail.aspx
1 680 ₽,Подсветка для ТВ DEXP U55E9000H Hisense H55B7100 Zipov,https://www.wildberries.ru/catalog/253890535/detail.aspx
1 680 ₽,Подсветка для ТВ DEXP U55E9000H Hisense H55B7100 Zipov,https://www.wildberries.ru/catalog/253890535/detail.aspx
1 680 ₽,Подсветка для ТВ DEXP U55E9000H Hisense H55B7100 Zipov,https://www.wildberries.ru/catalog/253890535/detail.aspx
1 680 ₽,Подсветка для ТВ DEXP U55E9000H Hisense H55B7100 Zipov,https://www.wildberries.ru/catalog/253890535/detail.aspx
1 680 ₽,Подсветка для ТВ DEXP U55E9000H Hisense H55B7100 Zipov,https://www.wildberries.ru/catalog/253890535/detail.aspx
400 ₽,Пульт Huayu F24B7200VE для телевизоров DEXP и DNS Пультоша,https://www.wildberries.ru/catalog/25220056/detail.aspx
400 ₽,Пульт Huayu F24B7200VE для телевизоров DEXP и DNS Пультоша,https://www.wildberries.ru/catalog/25220056/detail.aspx
400 ₽,Пульт Huayu F24B7200VE для телевизоров DEXP и DNS Пультоша,https://www.wildberries.ru/catalog/25220056/detail.aspx
400 ₽,Пульт Huayu F24B7200VE для телевизоров DEXP и DNS Пультоша,https://www.wildberries.ru/catalog/25220056/detail.aspx
400 ₽,Пульт Huayu F24B7200VE для телевизоров DEXP и DNS Пультоша,https://www.wildberries.ru/catalog/25220056/detail.aspx
400 ₽,Пульт Huayu F24B7200VE для телевизоров DEXP и DNS Пультоша,https://www.wildberries.ru/catalog/25220056/detail.aspx
400 ₽,Пульт Huayu F24B7200VE для телевизоров DEXP и DNS Пультоша,https://www.wildberries.ru/catalog/25220056/detail.aspx
400 ₽,Пульт Huayu F24B7200VE для телевизоров DEXP и DNS Пультоша,https://www.wildberries.ru/catalog/25220056/detail.aspx
400 ₽,Пульт Huayu F24B7200VE для телевизоров DEXP и DNS Пультоша,https://www.wildberries.ru/catalog/25220056/detail.aspx
400 ₽,Пульт Huayu F24B7200VE для телевизоров DEXP и DNS Пультоша,https://www.wildberries.ru/catalog/25220056/detail.aspx
400 ₽,Пульт Huayu F24B7200VE для телевизоров DEXP и DNS Пультоша,https://www.wildberries.ru/catalog/25220056/detail.aspx
400 ₽,Пульт Huayu F24B7200VE для телевизоров DEXP и DNS Пультоша,https://www.wildberries.ru/catalog/25220056/detail.aspx
400 ₽,Пульт Huayu F24B7200VE для телевизоров DEXP и DNS Пультоша,https://www.wildberries.ru/catalog/25220056/detail.aspx
400 ₽,Пульт Huayu F24B7200VE для телевизоров DEXP и DNS Пультоша,https://www.wildberries.ru/catalog/25220056/detail.aspx
400 ₽,Пульт Huayu F24B7200VE для телевизоров DEXP и DNS Пультоша,https://www.wildberries.ru/catalog/25220056/detail.aspx
